variant,seed,split_mode,split_seed,MAE,RMSE,MAPE,WAPE,MAE_commercial,MAE_residential,MAE_industrial,MAE_school,MAE_university,MAE_hospital,MAE_transport,MAE_park,MAE_multi_zone,best_val_MAE,epochs_run,n_params,train_time_s,device,status,timestamp
baseline_ahgnn,42,chrono,-1,0.2652891278266907,0.313686192035675,20.99475860595703,20.70152357257748,0.2622245550155639,0.2653560936450958,0.277449369430542,0.259956955909729,0.2696537375450134,0.261920154094696,0.2622634172439575,0.2584923803806305,0.2643679976463318,0.265419453382492,18,251608,1.9,cpu,ok,2026-09-12T20:18:52
baseline_ahgnn,43,chrono,-1,0.2663215398788452,0.3140611052513122,21.050962805747982,20.78208765602069,0.2648181617259979,0.2663390934467315,0.2676483988761902,0.2689156532287597,0.2725400328636169,0.2567355632781982,0.2649816870689392,0.2667957544326782,0.2662254273891449,0.265187919139862,18,251608,2.3,cpu,ok,2026-09-12T20:18:54
baseline_ahgnn,44,chrono,-1,0.2675142884254455,0.3121477663516998,21.21971696615219,20.875162614459665,0.2624974548816681,0.266155332326889,0.2761544287204742,0.263379693031311,0.2694388628005981,0.2554634511470794,0.2648206353187561,0.2644371688365936,0.2669072449207306,0.2663748562335968,18,251608,2.4,cpu,ok,2026-09-12T20:18:57
baseline_ahgnn,45,chrono,-1,0.2698927819728851,0.3210441768169403,21.258793771266937,21.06076644683946,0.2650173604488373,0.2703902125358581,0.2689216434955597,0.2666299939155578,0.2758706510066986,0.2574268877506256,0.2689943611621856,0.2723023295402527,0.2695284187793731,0.2693118155002594,19,251608,3.1,cpu,ok,2026-09-12T20:19:00
baseline_ahgnn,46,chrono,-1,0.271430641412735,0.324790358543396,21.444205939769745,21.18077049387955,0.2700656354427337,0.2702630758285522,0.2711673080921173,0.2687303721904754,0.2669554650783539,0.2717483937740326,0.2723332345485687,0.2698770761489868,0.2707362771034241,0.2698623836040497,18,251608,2.5,cpu,ok,2026-09-12T20:19:02
zone_concat,42,chrono,-1,0.253958135843277,0.3080068528652191,18.87359172105789,19.817324130236088,0.2510268688201904,0.2533620297908783,0.2596265077590942,0.2526852488517761,0.2557779550552368,0.250070720911026,0.252406895160675,0.2515139877796173,0.2532665729522705,0.2512317597866058,21,359145,3.5,cpu,ok,2026-09-12T20:19:06
zone_concat,43,chrono,-1,0.2531837522983551,0.3160149753093719,18.587617576122284,19.756895527666025,0.2503107786178589,0.2526181042194366,0.2588181793689728,0.2518433630466461,0.2548986971378326,0.2495318055152893,0.2516305446624756,0.2507820129394531,0.2525275647640228,0.2491263449192047,21,359145,3.2,cpu,ok,2026-09-12T20:19:09
zone_concat,44,chrono,-1,0.2549217641353607,0.3033563196659088,19.628269970417023,19.89252075706104,0.2521465122699737,0.254366010427475,0.2603168487548828,0.2537059485912323,0.2566103041172027,0.2513464689254761,0.253447413444519,0.2526184320449829,0.2542681396007538,0.2529564499855041,22,359145,3.1,cpu,ok,2026-09-12T20:19:12
zone_concat,45,chrono,-1,0.2548712193965912,0.327370136976242,18.793152272701263,19.888574702991647,0.2523062527179718,0.2542858719825744,0.2600379586219787,0.2534950673580169,0.2564073204994201,0.2523335218429565,0.2536040842533111,0.2535179555416107,0.2542373538017273,0.2506214082241058,25,359145,3.5,cpu,ok,2026-09-12T20:19:15
zone_concat,46,chrono,-1,0.249000534415245,0.2960435152053833,18.68462860584259,19.430463626049217,0.2461384236812591,0.2484627962112426,0.2544558644294739,0.2478864192962646,0.2505915462970733,0.2452133297920227,0.2473766952753067,0.2463840693235397,0.2483785152435302,0.2455274164676666,21,359145,3.3,cpu,ok,2026-09-12T20:19:19
zone_weight,42,chrono,-1,0.2610555291175842,0.306855708360672,19.774167239665985,20.371159862573844,0.2579599022865295,0.2606028914451599,0.2670384645462036,0.2601173222064972,0.2637839317321777,0.2571301758289337,0.2592733502388,0.2586413323879242,0.2604005336761474,0.2587789595127105,17,359145,2.8,cpu,ok,2026-09-12T20:19:22
zone_weight,43,chrono,-1,0.2513922154903412,0.2980072498321533,19.04161125421524,19.61709473042702,0.2480708062648773,0.2505213022232055,0.2585619986057281,0.2499350011348724,0.2541018724441528,0.2465878874063491,0.2494934946298599,0.2489888668060302,0.2505466938018799,0.2504471838474273,17,359145,2.6,cpu,ok,2026-09-12T20:19:24
zone_weight,44,chrono,-1,0.2526138722896576,0.2943107187747955,19.197604060173035,19.71242525527149,0.2496474236249923,0.2520666420459747,0.2588009536266327,0.2514949440956116,0.2548860013484955,0.2493298649787902,0.2508939504623413,0.2507309019565582,0.2519003450870514,0.2497349083423614,18,359145,2.5,cpu,ok,2026-09-12T20:19:27
zone_weight,45,chrono,-1,0.2502139508724212,0.3075982928276062,18.832775950431824,19.52515151232483,0.2473220080137252,0.2495578676462173,0.2556349337100982,0.2487567961215973,0.2522989511489868,0.2460891008377075,0.2486514151096344,0.2485506981611251,0.2495596706867218,0.2482604384422302,19,359145,2.7,cpu,ok,2026-09-12T20:19:29
zone_weight,46,chrono,-1,0.2541682124137878,0.312983363866806,19.05489414930344,19.833716162302924,0.2513085901737213,0.2534424960613251,0.2590269446372986,0.2527209818363189,0.2553147673606872,0.2501407265663147,0.2530008554458618,0.2517301142215729,0.2535151541233063,0.2517701983451843,18,359145,2.5,cpu,ok,2026-09-12T20:19:32
zone_full,42,chrono,-1,0.2536534368991852,0.2903950214385986,19.700026512146,19.7935465031882,0.2503531873226166,0.2528848052024841,0.2611801624298095,0.2522881627082824,0.2558483481407165,0.2494214326143264,0.2516258060932159,0.2504279613494873,0.2527226209640503,0.2515904605388641,17,359145,2.3,cpu,ok,2026-09-12T20:19:34
zone_full,43,chrono,-1,0.2520806193351745,0.2907864153385162,19.6092426776886,19.670815199364483,0.2488240748643875,0.2513201236724853,0.2592807710170746,0.2506104409694671,0.2543360888957977,0.2482347637414932,0.2501059770584106,0.2498526722192764,0.2512385249137878,0.2516027092933655,17,359145,2.4,cpu,ok,2026-09-12T20:19:36
zone_full,44,chrono,-1,0.2431435734033584,0.2867278456687927,18.912017345428467,18.97342255815248,0.240264356136322,0.2435826808214187,0.2484958171844482,0.2407215535640716,0.2432132512331009,0.2381431013345718,0.24151411652565,0.2385936677455902,0.2424886673688888,0.239634484052658,19,359145,2.6,cpu,ok,2026-09-12T20:19:39
zone_full,45,chrono,-1,0.2461263537406921,0.2991644442081451,18.851104378700256,19.20617959980912,0.2433567941188812,0.2451649308204651,0.2517977058887481,0.2447654008865356,0.2476988583803177,0.2425852864980697,0.2446174472570419,0.2445644438266754,0.2453617751598358,0.2434816807508468,19,359145,2.5,cpu,ok,2026-09-12T20:19:42
zone_full,46,chrono,-1,0.2493830323219299,0.2890029549598694,19.252167642116547,19.46031149672171,0.2455936074256897,0.2482795268297195,0.2588515281677246,0.2475185543298721,0.2524916231632232,0.2451155483722686,0.2470554709434509,0.246904969215393,0.2482443153858184,0.2474406659603119,17,359145,2.2,cpu,ok,2026-09-12T20:19:44
zone_full_tc,42,chrono,-1,0.2508592903614044,0.2937208414077759,19.12550926208496,19.57550841732428,0.247457668185234,0.2500210106372833,0.2583715915679931,0.2492737025022506,0.2536666095256805,0.2461304366588592,0.2487828135490417,0.2482809126377105,0.2499605566263198,0.2488895207643509,17,359481,7.1,cpu,ok,2026-09-12T20:19:51
zone_full_tc,43,chrono,-1,0.2431167811155319,0.2844805419445038,18.72066259384156,18.97133160852325,0.2401609569787979,0.2424554824829101,0.2497357428073883,0.24199740588665,0.2454105913639068,0.2395867854356765,0.2410519570112228,0.2409414052963256,0.2423572391271591,0.2407728284597396,17,359481,6.8,cpu,ok,2026-09-12T20:19:58
zone_full_tc,44,chrono,-1,0.2514706552028656,0.3033411204814911,19.370852410793304,19.623217208221007,0.2488463819026947,0.2514351904392242,0.257422000169754,0.2514250874519348,0.2543508410453796,0.2488517761230468,0.2491761595010757,0.2488909512758255,0.2508851289749145,0.2469167113304138,18,359481,7.7,cpu,ok,2026-09-12T20:20:06
zone_full_tc,45,chrono,-1,0.2557325065135956,0.3128187954425812,19.703175127506256,19.95578583331436,0.2535935640335083,0.2554324865341186,0.2595800161361694,0.2549220323562622,0.2564377784729004,0.2524996697902679,0.2547318935394287,0.2523949742317199,0.2552888989448547,0.252874344587326,18,359481,8.1,cpu,ok,2026-09-12T20:20:14
zone_full_tc,46,chrono,-1,0.2482707053422927,0.2930123805999756,19.07338351011276,19.37351255287765,0.2444766014814376,0.2475759387016296,0.2574435770511627,0.2463559657335281,0.2522471249103546,0.2431540191173553,0.2456606179475784,0.2458714246749878,0.2473266571760177,0.2464861571788787,17,359481,8.6,cpu,ok,2026-09-12T20:20:22
zone_full_sinc,42,chrono,-1,0.2505305409431457,0.3022693395614624,19.940127432346344,19.549856691592808,0.2474558055400848,0.2500470876693725,0.2579930424690246,0.24986132979393,0.2539460659027099,0.2469343245029449,0.2483965009450912,0.248030811548233,0.2497464269399643,0.250402957201004,18,362121,7.9,cpu,ok,2026-09-12T20:20:30
zone_full_sinc,43,chrono,-1,0.2505912780761719,0.2942831218242645,19.32175904512405,19.55459575532476,0.247429147362709,0.2501790225505829,0.2579500675201416,0.2492470890283584,0.2536193430423736,0.2467351853847503,0.2484966665506363,0.2480277568101883,0.2498206049203872,0.2489457428455352,17,362121,7.3,cpu,ok,2026-09-12T20:20:38
zone_full_sinc,44,chrono,-1,0.2471266984939575,0.2944840490818023,18.79497766494751,19.28424119168245,0.2446908503770828,0.2467429339885711,0.2508978545665741,0.2460544556379318,0.2474313676357269,0.2434800118207931,0.246063157916069,0.2442201524972915,0.2465670257806778,0.2428271174430847,17,362121,7.3,cpu,ok,2026-09-12T20:20:45
zone_full_sinc,45,chrono,-1,0.251280128955841,0.3021151721477508,19.57462728023529,19.6083494641882,0.2487691938877105,0.2507573068141937,0.2554022967815399,0.2501239478588104,0.2520037889480591,0.2477980852127075,0.2501164674758911,0.2489239275455474,0.2507134675979614,0.2511026263236999,18,362121,8.4,cpu,ok,2026-09-12T20:20:53
zone_full_sinc,46,chrono,-1,0.2552274167537689,0.2958770990371704,20.17746418714524,19.91637119537536,0.2524084746837616,0.2548573017120361,0.262272447347641,0.2541837394237518,0.2575482130050659,0.2523534595966339,0.2530385851860046,0.2524832487106323,0.2544998824596405,0.2525126934051513,17,362121,7.5,cpu,ok,2026-09-12T20:21:01
lstm,42,chrono,-1,0.246889054775238,0.3039408326148987,18.416287004947662,19.265696478695286,0.2444040477275848,0.2460026293992996,0.2524410486221313,0.2453613430261612,0.2477817386388778,0.2430196404457092,0.245398610830307,0.2439871728420257,0.2461904734373092,0.2431109100580215,17,669080,2.3,cpu,ok,2026-09-12T20:21:03
lstm,43,chrono,-1,0.2489735335111618,0.2995459139347076,18.81492584943772,19.42835684788381,0.2461944669485092,0.2480195015668869,0.2539890110492706,0.2477280497550964,0.2493757009506225,0.2456106692552566,0.2474465817213058,0.2467575073242187,0.2482053637504577,0.2462497353553772,17,669080,2.3,cpu,ok,2026-09-12T20:21:05
lstm,44,chrono,-1,0.2458084523677826,0.2963940501213074,18.5530349612236,19.1813731179096,0.2430947721004486,0.2454490512609481,0.2508341372013092,0.2447369694709777,0.2483687698841095,0.241790771484375,0.2446608394384384,0.242665559053421,0.245262324810028,0.2429755479097366,17,669080,2.3,cpu,ok,2026-09-12T20:21:08
lstm,45,chrono,-1,0.2527168095111847,0.3008427917957306,19.405244290828705,19.720458237382267,0.2498387545347213,0.2521107792854309,0.2581066489219665,0.251277893781662,0.2539113461971283,0.2487894892692566,0.2511332631111145,0.2498634904623031,0.2520238161087036,0.2513178586959839,17,669080,2.2,cpu,ok,2026-09-12T20:21:10
lstm,46,chrono,-1,0.2466143667697906,0.2992121279239654,18.49263161420822,19.244261475001863,0.2437461614608764,0.2460483312606811,0.2518497705459595,0.2458361238241195,0.2491905242204666,0.2425314635038375,0.244907259941101,0.2440587878227234,0.2459768503904342,0.2434691041707992,17,669080,2.2,cpu,ok,2026-09-12T20:21:12
gcn_gru,42,chrono,-1,0.2513223588466644,0.3081105947494507,18.949906527996063,19.611643382567017,0.2486196160316467,0.2507742047309875,0.256579726934433,0.2500995099544525,0.2529346942901611,0.2477727830410003,0.2498771846294403,0.2489435672760009,0.2506807446479797,0.2490315735340118,17,34072,1.6,cpu,ok,2026-09-12T20:21:14
gcn_gru,43,chrono,-1,0.2527192234992981,0.3104849755764007,18.939343094825745,19.7206465969628,0.2500820457935333,0.2521698474884033,0.2577770054340362,0.2515750825405121,0.2542100548744201,0.2494612038135528,0.2512907981872558,0.2504797577857971,0.2520983517169952,0.2501455545425415,17,34072,1.6,cpu,ok,2026-09-12T20:21:15
gcn_gru,44,chrono,-1,0.2476502805948257,0.3006620407104492,18.788228929042816,19.325097809267344,0.2451089918613433,0.2471333444118499,0.2524896264076233,0.2465275079011917,0.2489046156406402,0.2444820553064346,0.2463124990463256,0.2451609373092651,0.2470510601997375,0.2467369437217712,17,34072,1.5,cpu,ok,2026-09-12T20:21:17
gcn_gru,45,chrono,-1,0.2590269446372986,0.3290110528469085,19.252541661262512,20.212863420809835,0.256514698266983,0.2584992945194244,0.263841837644577,0.2579255104064941,0.2604001462459564,0.255749374628067,0.2576697170734405,0.2567983567714691,0.2584214210510254,0.2564009428024292,19,34072,1.7,cpu,ok,2026-09-12T20:21:19
gcn_gru,46,chrono,-1,0.2564659118652344,0.3073752522468567,19.564859569072723,20.01301548872268,0.2537199854850769,0.2558673918247223,0.2619064152240753,0.2552841901779175,0.2582786381244659,0.2529947757720947,0.2549320161342621,0.2542943060398102,0.2558019161224365,0.255215972661972,17,34072,1.6,cpu,ok,2026-09-12T20:21:20
stgcn,42,chrono,-1,0.2732223570346832,0.3430482447147369,20.380350947380062,21.320585536801115,0.2706200778484344,0.2725293338298797,0.2784416377544403,0.2719341516494751,0.2751352488994598,0.2693267464637756,0.2718767523765564,0.2713026404380798,0.2725590765476227,0.2685527801513672,17,33944,2.5,cpu,ok,2026-09-12T20:21:23
stgcn,43,chrono,-1,0.2655254602432251,0.3166488111019134,20.40220648050308,20.71996698293309,0.2629216909408569,0.2649076282978058,0.2705225944519043,0.2642313539981842,0.2667746543884277,0.2621237635612488,0.2641977071762085,0.2631001472473144,0.2648994624614715,0.2632558643817901,16,33944,2.2,cpu,ok,2026-09-12T20:21:25
stgcn,44,chrono,-1,0.2673225104808807,0.3261580467224121,20.32679170370102,20.86019831635616,0.2650827765464782,0.2670602798461914,0.2712828516960144,0.2662456035614013,0.2677330374717712,0.2641907036304474,0.2662010192871094,0.2638335525989532,0.2668437063694,0.2646629214286804,16,33944,2.2,cpu,ok,2026-09-12T20:21:27
stgcn,45,chrono,-1,0.2579269111156463,0.3113237023353576,19.684748351573944,20.12702368625821,0.2554650604724884,0.2575281262397766,0.2625489830970764,0.2569082081317901,0.2589278221130371,0.2551721334457397,0.2565793693065643,0.2551988661289215,0.25738525390625,0.2557344436645508,16,33944,2.2,cpu,ok,2026-09-12T20:21:29
stgcn,46,chrono,-1,0.2640080451965332,0.31883352994918823,20.18982172012329,20.601556869486217,0.26128676533699036,0.2633824944496155,0.26933014392852783,0.26277655363082886,0.26562148332595825,0.2607075273990631,0.26259875297546387,0.2618243098258972,0.2633613049983978,0.261394202709198,16,33944,2.4,cpu,ok,2026-09-12T20:21:32
